,URL,Fabricante,Modelo,Versao,Valor,Cidade,Ano,Combustível,Placa final,KM,Câmbio,Cor,Carroceria,Airbag motorista,Ar-condicionado,Vidros elétricos dianteiros,Travas elétricas,Retrovisores elétricos,Freios abs,Airbag duplo frontal,Limpador traseiro,Câmbio automático,Rodas de liga leve,Vidros elétricos traseiros,Entradas usb,Rádio,Farol de neblina,Central multimídia,Direção elétrica,Baixa quilometragem,Único dono,Ipva pago,Motorização,Potência (cv),Torque (kgf.m),Velocidade máxima (km/h),Tempo 0-100 (s),Consumo cidade (km/l),Consumo estrada (km/l),Tração,Direção,Suspensão dianteira,Suspensão traseira,Freios dianteiros,Freios traseiros,Altura (mm),Largura (mm),Comprimento (mm),Peso (kg),Tanque (L),Entre-eixos (mm),Porta-Malas (L),Ocupantes,Airbags laterais,Alarme,Brake light,Controle de tração,Distribuição eletrônica de frenagem (ebd),Kit visibilidade,Sensor de estacionamento traseiro,Acendimento automático dos faróis,Ar quente,Trio elétrico,Volante com regulagem de altura,Volante multifuncional,Banco do motorista com regulagem de altura,Bancos de couro,Desembaçador traseiro,Ajuste elétrico dos retrovisores,Computador de bordo,Gps,Piloto automático adaptativo (acc),Sensor de chuva,Sensor de estacionamento dianteiro,Sensor de farol,Direção hidráulica,Cintos três-pontos para todos os ocupantes,Controle eletrônico de estabilidade (esc),Banco traseiro bipartido,Banco traseiro rebatível,Encostos de cabeça no banco traseiro,Luz de cortesia no porta-malas,Saídas de ar-condicionado na segunda fileira,Volante com regulagem de altura e profundidade,Bluetooth,Assistente de subida em rampa,Espelhamento de celular,Fixação para cadeirinhas infantis (isofix),Start-stop,Airbags de cortina,Frenagem autônoma de emergência (aeb),Chave presencial,Luz de cortesia no porta-luvas,Regulagem de altura do facho dos faróis,Carregador de celular por indução,Câmera de ré,Luz de condução diurna (drl),Retrovisores com rebatimento elétrico,Tração 4x4,Adaptado para pcd,Aceita troca,Cd player,Airbag central,Nenhuma batida,Possui vistoria,Laudo cautelar aprovado,Pronta entrega,Revisões realizadas,Licenciado esse ano,Veículo de não fumante,Pneus novos,Parece novo,Retrovisor interno eletrocrômico,Ar-condicionado digital,Faróis de led,Limitador de velocidade,Teto solar,Cd player com mp3,Saldão,Possui multas,Porta-copos,Aerofólio,Garantia de fábrica,Protetor de caçamba,Capota marítima,Wi-fi,Volante com acabamento em couro,Alerta de cinto para condutor,Alerta de cinto para passageiro da primeira fila,Ar-condicionado digital de 2 zonas,7 lugares,Garantia de 1 ano,Assistente de descida,Para-choque na cor do veículo,Cluster digital,Computador de bordo digital,Chave canivete,Descanso de braço na primeira fileira,Tração dianteira,Vidros elétricos traseiros one touch,Vidros elétricos dianteiros one touch,Pneus de uso misto,Encomenda
0,https://www.mobiauto.com.br/comprar/carros/ba-salvador/volkswagen/t-cross/2023/1-0-200-tsi-comfortline-aut-flex/detalhes/9496869?page=detail&undefined,Volkswagen,T-Cross,1.0 200 TSI Comfortline (Aut) (Flex),R$ 125.900,Salvador - BA,2022/2023,Flex,1,20.798,Automática,Azul,SUV,Sim,Sim,Sim,Sim,Sim,Sim,Sim,Sim,Sim,Sim,Sim,Sim,Sim,Sim,Sim,Sim,Sim,Sim,Sim,200 TSI 1.0,128 (E) / 116 (G),20.394323 (E) / 20.394323 (G),184 (E) / 179 (G),10.4 (E) / 10.9 (G),8.3 (E) / 12 (G),10 (E) / 14.4 (G),Dianteira,Elétrica,"Suspensão tipo McPherson, roda tipo independente e molas helicoidais","Eixo de torsão, molas helicoidais",Discos ventilados,Discos sólidos,1568,1760,4199,1250,52,2651,373,5,Sim,Sim,Sim,Sim,Sim,Sim,Sim,Sim,Sim,Sim,Sim,Sim,Sim,Sim,Sim,Sim,Sim,Sim,Sim,Sim,Sim,Sim,,,,,,,,,,,,,,,,,,,,,,,,,,,,,,,,,,,,,,,,,,,,,,,,,,,,,,,,,,,,,,,,,,,,
1,https://www.mobiauto.com.br/comprar/carros/ba-salvador/volkswagen/virtus/2022/1-0-200-tsi-comfortline-flex-aut/detalhes/9255025?page=detail&undefined,Volkswagen,Virtus,1.0 200 TSI Comfortline (Flex) (Aut),R$ 85.900,Salvador - BA,2021/2022,Flex,3,33.014,Automática,Branco,Sedan,Sim,Sim,Sim,Sim,Sim,Sim,Sim,,Sim,Sim,Sim,Sim,Sim,Sim,,Sim,Sim,Sim,Sim,1.0,128 (E) / 116 (G),20.4 (E) / 20.4 (G),194 (E),9.9 (E),7.8 (E) / 11.2 (G),10.2 (E) / 14.6 (G),Dianteira,Elétrica,"Suspensão tipo McPherson, roda tipo independente e mola helicoidal",Suspensão tipo eixo de torção e mola helicoidal,Dois freios à disco ventilados,Dois freios à disco sólidos,1472,1751,4482,1192,52,2651,521,5,Sim,Sim,,Sim,,,Sim,,Sim,,Sim,Sim,Sim,,Sim,Sim,Sim,,,,Sim,,Sim,Sim,Sim,Sim,Sim,Sim,Sim,Sim,Sim,Sim,Sim,Sim,Sim,Sim,,,,,,,,,,,,,,,,,,,,,,,,,,,,,,,,,,,,,,,,,,,,,,,,,,,,,,
2,https://www.mobiauto.com.br/comprar/carros/ba-salvador/volkswagen/t-cross/2022/1-0-200-tsi-12v-aut-flex/detalhes/9064614?page=detail&undefined,Volkswagen,T-Cross,1.0 200 TSI 12V (Aut) (Flex),R$ 98.900,Salvador - BA,2021/2022,Flex,7,33.804,Automática,Cinza,SUV,Sim,Sim,,Sim,Sim,Sim,Sim,,Sim,,,,,Sim,,,Sim,Sim,Sim,1.0,128 (E) / 116 (G),20.394323 (E) / 20.394323 (G),193 (E),10.2 (E),N/C,N/C,dianteira,,,,Dois freios à disco com dois discos ventilados,,1568,1760,4199,1250,,2651,420,5,,Sim,,,,,,,,,,,,,,,,,,,Sim,,Sim,,,,,,,,,,,,,,,,,,,,,,,,,,,,,,,,,,,,,,,,,,,,,,,,,,,,,,,,,,,,,,,,,,,
3,https://www.mobiauto.com.br/comprar/carros/ba-salvador/volkswagen/t-cross/2022/1-4-tsi-highline-aut-flex/detalhes/9265252?page=detail&undefined,Volkswagen,T-Cross,1.4 TSI Highline (Aut) (Flex),R$ 121.900,Salvador - BA,2021/2022,Flex,6,15.125,Automática,Preto,SUV,Sim,Sim,Sim,Sim,,Sim,Sim,Sim,Sim,Sim,Sim,Sim,Sim,Sim,,Sim,Sim,Sim,Sim,250 TSI 1.4,150 (E) / 150 (G),25.492905 (E) / 25.492905 (G),198 (E) / 198 (G),8.7 (E) / 8.7 (G),7.7 (E) / 11 (G),9.3 (E) / 13.2 (G),dianteira,Elétrica,,,Dois freios à disco com dois discos ventilados,,1568,1760,4199,1250,52,2651,420,5,Sim,Sim,Sim,Sim,,,Sim,Sim,Sim,,,Sim,Sim,Sim,Sim,Sim,Sim,,Sim,,Sim,,Sim,Sim,Sim,Sim,Sim,Sim,Sim,Sim,Sim,Sim,Sim,Sim,Sim,Sim,Sim,Sim,Sim,Sim,Sim,Sim,Sim,Sim,,,,,,,,,,,,,,,,,,,,,,,,,,,,,,,,,,,,,,,,,,,,,,
4,https://www.mobiauto.com.br/comprar/carros/ba-salvador/volkswagen/t-cross/2021/1-0-200-tsi-comfortline-aut-flex/detalhes/9064025?page=detail&undefined,Volkswagen,T-Cross,1.0 200 TSI Comfortline (Aut) (Flex),R$ 97.900,Salvador - BA,2021/2021,Flex,8,28.832,Automática,Marrom,SUV,Sim,Sim,Sim,Sim,Sim,Sim,Sim,Sim,Sim,Sim,Sim,Sim,Sim,Sim,Sim,Sim,Sim,Sim,Sim,200 TSI 1.0,128 (E) / 116 (G),20.394323 (E) / 20.394323 (G),184 (E) / 179 (G),10.4 (E) / 10.9 (G),N/C,N/C,dianteira,Elétrica,,,Disco ventilado,,1568,1760,4199,1250,52,2651,420,5,Sim,Sim,,,Sim,,,,,Sim,Sim,Sim,,,Sim,,Sim,,Sim,,Sim,Sim,Sim,,,,,,,,,,,,,,,,,,,,,,,,,,,,,,,,,,,,,,,,,,,,,,,,,,,,,,,,,,,,,,,,,,,
5,https://www.mobiauto.com.br/comprar/carros/ba-salvador/volkswagen/t-cross/2022/1-4-tsi-highline-aut-flex/detalhes/9290160?page=detail&undefined,Volkswagen,T-Cross,1.4 TSI Highline (Aut) (Flex),R$ 121.900,Salvador - BA,2021/2022,Flex,9,12.294,Automática,Preto,SUV,Sim,Sim,Sim,Sim,,Sim,Sim,Sim,Sim,Sim,Sim,Sim,Sim,Sim,,,Sim,Sim,Sim,250 TSI 1.4,150 (E) / 150 (G),25.492905 (E) / 25.492905 (G),198 (E) / 198 (G),8.7 (E) / 8.7 (G),7.7 (E) / 11 (G),9.3 (E) / 13.2 (G),dianteira,Elétrica,,,Dois freios à disco com dois discos ventilados,,1568,1760,4199,1250,52,2651,420,5,Sim,Sim,Sim,Sim,,,Sim,Sim,Sim,,,Sim,Sim,Sim,Sim,Sim,Sim,,Sim,,Sim,,Sim,Sim,Sim,Sim,Sim,Sim,Sim,Sim,Sim,Sim,Sim,Sim,Sim,Sim,Sim,Sim,Sim,Sim,Sim,Sim,Sim,Sim,,,,,,,,,,,,,,,,,,,,,,,,,,,,,,,,,,,,,,,,,,,,,,
6,https://www.mobiauto.com.br/comprar/carros/ba-salvador/volkswagen/t-cross/2022/1-0-200-tsi-comfortline-aut-flex/detalhes/9064530?page=detail&undefined,Volkswagen,T-Cross,1.0 200 TSI Comfortline (Aut) (Flex),R$ 113.000,Salvador - BA,2022/2022,Flex,2,28.796,Automática,Cinza,SUV,Sim,Sim,Sim,Sim,Sim,Sim,Sim,Sim,Sim,,Sim,Sim,Sim,Sim,,,Sim,Sim,Sim,200 TSI 1.0,128 (E) / 116 (G),20.394323 (E) / 20.394323 (G),184 (E) / 179 (G),10.4 (E) / 10.9 (G),N/C,N/C,dianteira,Elétrica,,,Disco ventilado,,1568,1760,4199,1250,52,2651,420,5,Sim,Sim,,Sim,,,Sim,,Sim,,,Sim,Sim,,Sim,,Sim,,,,Sim,,Sim,Sim,Sim,,,Sim,,,Sim,Sim,Sim,Sim,Sim,Sim,Sim,,Sim,,,Sim,Sim,,Sim,,,,,,,,,,,,,,,,,,,,,,,,,,,,,,,,,,,,,,,,,,,,,
7,https://www.mobiauto.com.br/comprar/carros/ba-lauro-de-freitas/toyota/hilux-sw4/2009/srv-4x4-3-0-turbo-aut2/detalhes/9524893?page=detail&undefined,Toyota,Hilux SW4,SRV 4x4 3.0 Turbo  (aut)2,R$ 79.900,Lauro de Freitas - BA,2009/2009,Diesel,2,270.000,Automática,Prata,SUV,Sim,Sim,Sim,Sim,Sim,Sim,Sim,Sim,Sim,Sim,Sim,,,,,Sim,,,Sim,3.0 16V Turbo,163 (F),35.0 (F),N/C,- (F),N/C,N/C,4x4 permanente,,"Independente, braços duplos triangulares, molas helicoidais e barra estabilizadora",Four-link e molas helicoidais,Disco ventilado (ABS),Tambor (ABS),1850,1840,4695,,65,2750,900,5,Sim,Sim,,,,Sim,Sim,,Sim,,,,Sim,Sim,Sim,Sim,Sim,,,,Sim,,Sim,,,,,,,,,,,,,,,,,,,,,,,Sim,Sim,Sim,Sim,,,,,,,,,,,,,,,,,,,,,,,,,,,,,,,,,,,,,,,,,
8,https://www.mobiauto.com.br/comprar/carros/ba-salvador/volkswagen/t-cross/2022/1-4-tsi-highline-aut-flex/detalhes/9064517?page=detail&undefined,Volkswagen,T-Cross,1.4 TSI Highline (Aut) (Flex),R$ 120.900,Salvador - BA,2021/2022,Flex,8,16.691,Automática,Preto,SUV,Sim,Sim,Sim,Sim,Sim,Sim,Sim,Sim,Sim,Sim,Sim,Sim,Sim,Sim,,,Sim,Sim,Sim,250 TSI 1.4,150 (E) / 150 (G),25.492905 (E) / 25.492905 (G),198 (E) / 198 (G),8.7 (E) / 8.7 (G),7.7 (E) / 11 (G),9.3 (E) / 13.2 (G),dianteira,Elétrica,,,Dois freios à disco com dois discos ventilados,,1568,1760,4199,1250,52,2651,420,5,Sim,Sim,Sim,Sim,,,Sim,Sim,Sim,,,Sim,Sim,Sim,Sim,Sim,Sim,,Sim,,Sim,,Sim,Sim,Sim,Sim,Sim,Sim,Sim,Sim,Sim,Sim,Sim,Sim,Sim,Sim,Sim,Sim,Sim,Sim,Sim,Sim,Sim,Sim,,,,,,,,,,,,,,,,,,,,,,,,,,,,,,,,,,,,,,,,,,,,,,
9,https://www.mobiauto.com.br/comprar/carros/ba-salvador/chevrolet/spin/2021/ls-1-8-5s-flex/detalhes/9524453?page=detail&undefined,Chevrolet,Spin,LS 1.8 5S (Flex),R$ 68.900,Salvador - BA,2021/2021,Flex,5,94.000,Manual,Branco,Monovolume,Sim,Sim,Sim,Sim,,Sim,Sim,Sim,,,Sim,,,,,Sim,,Sim,Sim,1.8,111 (E) / 106 (G),17.7 (E) / 16.8 (G),173 (E),10.2 (E),7.8 (E) / 11.3 (G),9.1 (E) / 13 (G),Dianteira,Elétrica,"Suspensão tipo McPherson, roda tipo independente e molas helicoidal",Suspensão tipo eixo de torção e molas helicoidal,Dois freios à disco ventilados,Tambor ,1684,1735,4416,1167,53,2620,710,5,,Sim,,,Sim,,,Sim,,,Sim,,,,Sim,,,,,,,,,,,,,,,,,,,,,,,,,,,,,,,,,Sim,,Sim,Sim,Sim,Sim,Sim,Sim,Sim,Sim,Sim,Sim,,,,,,,,,,,,,,,,,,,,,,,,,,,,,,,
10,https://www.mobiauto.com.br/comprar/carros/ba-salvador/volkswagen/t-cross/2021/1-4-tsi-highline-aut-flex/detalhes/9064500?page=detail&undefined,Volkswagen,T-Cross,1.4 TSI Highline (Aut) (Flex),R$ 110.900,Salvador - BA,2021/2021,Flex,6,29.985,Automática,Azul,SUV,Sim,Sim,Sim,Sim,Sim,Sim,Sim,Sim,Sim,Sim,Sim,Sim,Sim,Sim,,Sim,Sim,Sim,Sim,250 TSI 1.4,150 (E) / 150 (G),25.492905 (E) / 25.492905 (G),198 (E) / 198 (G),8.7 (E) / 8.7 (G),7.7 (E) / 11 (G),9.3 (E) / 13.2 (G),dianteira,Elétrica,,,Dois freios à disco com dois discos ventilados,,1568,1760,4199,1250,52,2651,420,5,Sim,Sim,,Sim,,,Sim,Sim,Sim,,Sim,Sim,Sim,Sim,Sim,Sim,Sim,,,,Sim,,,Sim,Sim,Sim,Sim,Sim,Sim,Sim,Sim,Sim,Sim,Sim,Sim,Sim,Sim,,Sim,Sim,Sim,,Sim,Sim,Sim,,,,,,,,,,,,,,,Sim,Sim,,,,,,,,,,,,,,,,,,,,,,,,,,,,,
11,https://www.mobiauto.com.br/comprar/carros/ba-salvador/volkswagen/t-cross/2022/1-0-200-tsi-comfortline-aut-flex/detalhes/9265043?page=detail&undefined,Volkswagen,T-Cross,1.0 200 TSI Comfortline (Aut) (Flex),R$ 112.900,Salvador - BA,2021/2022,Flex,3,7.972,Automática,Branco,SUV,Sim,Sim,Sim,Sim,,Sim,Sim,Sim,Sim,Sim,Sim,Sim,Sim,Sim,,,Sim,Sim,Sim,200 TSI 1.0,128 (E) / 116 (G),20.394323 (E) / 20.394323 (G),184 (E) / 179 (G),10.4 (E) / 10.9 (G),N/C,N/C,dianteira,Elétrica,,,Disco ventilado,,1568,1760,4199,1250,52,2651,420,5,Sim,Sim,,Sim,,,Sim,,Sim,,,Sim,Sim,,Sim,,Sim,,,,Sim,,,Sim,Sim,,,Sim,,,Sim,Sim,Sim,Sim,Sim,Sim,Sim,,Sim,,,Sim,Sim,,Sim,,,,,,,,,,,,,,,,,,,,,,,,,,,,,,,,,,,,,,,,,,,,,
12,https://www.mobiauto.com.br/comprar/carros/ba-salvador/volkswagen/voyage/2023/1-0-mpi-flex/detalhes/9064550?page=detail&undefined,Volkswagen,Voyage,1.0 MPI (Flex),R$ 63.900,Salvador - BA,2022/2023,Flex,3,7.694,Manual,Branco,Sedan,Sim,Sim,Sim,Sim,,Sim,Sim,,,,Sim,Sim,,,,,Sim,Sim,Sim,1.0,84 (E) / 77 (G),10.3 (E) / 9.6 (G),164 (E) / 162 (G),13.4 (E) / 13.7 (G),8.9 (E) / 13.4 (G),10.6 (E) / 15.6 (G),Dianteira,Hidráulica,"Suspensão tipo McPherson, roda tipo independente e molas helicoidal",Suspensão tipo eixo de torção e molas helicoidal,Dois freios à disco ventilados,Tambor ,1464,1656,4213,1015,55,2467,480,5,,,,,,,,,Sim,,,,Sim,,Sim,,Sim,,,,,,Sim,Sim,,,Sim,Sim,Sim,,,,,,Sim,,,,,,,,,,,,,,,,,,,,,,,,,,,,,,,,,,,,,,,,,,,,,,,,,,,,,,,
13,https://www.mobiauto.com.br/comprar/carros/ba-salvador/volkswagen/t-cross/2022/1-0-200-tsi-comfortline-aut-flex/detalhes/9290306?page=detail&undefined,Volkswagen,T-Cross,1.0 200 TSI Comfortline (Aut) (Flex),R$ 113.000,Salvador - BA,2022/2022,Flex,3,20.959,Automática,Preto,SUV,Sim,Sim,Sim,Sim,Sim,Sim,Sim,Sim,Sim,,Sim,Sim,Sim,Sim,,,Sim,Sim,Sim,200 TSI 1.0,128 (E) / 116 (G),20.394323 (E) / 20.394323 (G),184 (E) / 179 (G),10.4 (E) / 10.9 (G),N/C,N/C,dianteira,Elétrica,,,Disco ventilado,,1568,1760,4199,1250,52,2651,420,5,Sim,Sim,,Sim,,,Sim,,Sim,,,Sim,Sim,,Sim,,Sim,,,,Sim,,Sim,Sim,Sim,,,Sim,,,Sim,Sim,Sim,Sim,Sim,Sim,Sim,,Sim,,,Sim,Sim,,Sim,,,,,,Sim,,,,,,,,,,,,,,,,,,,,,,,,,,,,,,,,,,,,,,,
14,https://www.mobiauto.com.br/comprar/carros/ba-salvador/volkswagen/voyage/2023/1-0-mpi-flex/detalhes/9064390?page=detail&undefined,Volkswagen,Voyage,1.0 MPI (Flex),R$ 63.900,Salvador - BA,2022/2023,Flex,7,16.468,Manual,Branco,Sedan,Sim,Sim,Sim,Sim,,Sim,Sim,,,,Sim,Sim,Sim,,,,Sim,Sim,Sim,1.0,84 (E) / 77 (G),10.3 (E) / 9.6 (G),164 (E) / 162 (G),13.4 (E) / 13.7 (G),8.9 (E) / 13.4 (G),10.6 (E) / 15.6 (G),Dianteira,Hidráulica,"Suspensão tipo McPherson, roda tipo independente e molas helicoidal",Suspensão tipo eixo de torção e molas helicoidal,Dois freios à disco ventilados,Tambor ,1464,1656,4213,1015,55,2467,480,5,,,,,,,,,Sim,,,,Sim,,Sim,,Sim,,,,,,Sim,Sim,,,Sim,Sim,Sim,,,,,,Sim,,,,,,,,,,,,,,,,,,,,,,,,,,,,,,,,,,,,,,,,,,,,,,,,,,,,,,,
15,https://www.mobiauto.com.br/comprar/carros/ba-salvador/volkswagen/t-cross/2020/1-0-200-tsi-12v-aut-flex/detalhes/9064377?page=detail&undefined,Volkswagen,T-Cross,1.0 200 TSI 12V (Aut) (Flex),R$ 89.900,Salvador - BA,2019/2020,Flex,5,28.301,Automática,Preto,SUV,Sim,Sim,Sim,Sim,,Sim,Sim,Sim,Sim,Sim,Sim,Sim,Sim,Sim,,Sim,Sim,Sim,Sim,1.0,128 (E) / 116 (G),20.394323 (E) / 20.394323 (G),193 (E),10.2 (E),N/C,N/C,dianteira,,,,Dois freios à disco com dois discos ventilados,,1568,1760,4199,1250,,2651,420,5,Sim,Sim,,Sim,,,Sim,Sim,Sim,,Sim,Sim,Sim,,Sim,Sim,,,,,,,,Sim,Sim,Sim,Sim,Sim,Sim,Sim,Sim,Sim,Sim,Sim,Sim,,Sim,,,Sim,,,,Sim,,,,,,,,,,,,,,,,,,,,,,,,,,,,,,,,,,,,,,,,,,,,,,
16,https://www.mobiauto.com.br/comprar/carros/ba-salvador/volkswagen/voyage/2023/1-0-mpi-flex/detalhes/9064364?page=detail&undefined,Volkswagen,Voyage,1.0 MPI (Flex),R$ 63.900,Salvador - BA,2022/2023,Flex,6,19.007,Manual,Branco,Sedan,Sim,Sim,Sim,Sim,,Sim,Sim,,,,Sim,Sim,,,,,Sim,Sim,Sim,1.0,84 (E) / 77 (G),10.3 (E) / 9.6 (G),164 (E) / 162 (G),13.4 (E) / 13.7 (G),8.9 (E) / 13.4 (G),10.6 (E) / 15.6 (G),Dianteira,Hidráulica,"Suspensão tipo McPherson, roda tipo independente e molas helicoidal",Suspensão tipo eixo de torção e molas helicoidal,Dois freios à disco ventilados,Tambor ,1464,1656,4213,1015,55,2467,480,5,,,,,,,,,Sim,,,,Sim,,Sim,,Sim,,,,,,Sim,Sim,,,Sim,Sim,Sim,,,,,,Sim,,,,,,,,,,,,,,,,,,,,,,,,,,,,,,,,,,,,,,,,,,,,,,,,,,,,,,,
17,https://www.mobiauto.com.br/comprar/carros/ba-salvador/volkswagen/t-cross/2022/1-4-tsi-highline-aut-flex/detalhes/9063866?page=detail&undefined,Volkswagen,T-Cross,1.4 TSI Highline (Aut) (Flex),R$ 121.900,Salvador - BA,2021/2022,Flex,8,14.351,Automática,Preto,SUV,Sim,Sim,Sim,Sim,,Sim,Sim,Sim,Sim,Sim,Sim,Sim,Sim,Sim,,,Sim,Sim,Sim,250 TSI 1.4,150 (E) / 150 (G),25.492905 (E) / 25.492905 (G),198 (E) / 198 (G),8.7 (E) / 8.7 (G),7.7 (E) / 11 (G),9.3 (E) / 13.2 (G),dianteira,Elétrica,,,Dois freios à disco com dois discos ventilados,,1568,1760,4199,1250,52,2651,420,5,Sim,Sim,Sim,Sim,,,Sim,Sim,Sim,,,Sim,Sim,Sim,Sim,Sim,Sim,,Sim,,Sim,,Sim,Sim,Sim,Sim,Sim,Sim,Sim,Sim,Sim,Sim,Sim,Sim,Sim,Sim,Sim,Sim,Sim,Sim,Sim,Sim,Sim,Sim,,,,,,,,,,,,,,,,,,,,,,,,,,,,,,,,,,,,,,,,,,,,,,
18,https://www.mobiauto.com.br/comprar/carros/ba-salvador/volkswagen/t-cross/2021/1-4-tsi-highline-aut-flex/detalhes/9064032?page=detail&undefined,Volkswagen,T-Cross,1.4 TSI Highline (Aut) (Flex),R$ 108.900,Salvador - BA,2020/2021,Flex,1,35.395,Automática,Azul,SUV,Sim,Sim,Sim,Sim,Sim,Sim,Sim,Sim,Sim,Sim,Sim,Sim,Sim,Sim,,Sim,Sim,Sim,Sim,250 TSI 1.4,150 (E) / 150 (G),25.492905 (E) / 25.492905 (G),198 (E) / 198 (G),8.7 (E) / 8.7 (G),7.7 (E) / 11 (G),9.3 (E) / 13.2 (G),dianteira,Elétrica,,,Dois freios à disco com dois discos ventilados,,1568,1760,4199,1250,52,2651,420,5,Sim,Sim,,Sim,,,Sim,Sim,Sim,,Sim,Sim,Sim,Sim,Sim,Sim,Sim,,,,Sim,,,Sim,Sim,Sim,Sim,Sim,Sim,Sim,Sim,Sim,Sim,Sim,Sim,Sim,Sim,,Sim,Sim,Sim,,Sim,Sim,Sim,,,,,,,,,,,,,,,Sim,Sim,,,,,,,,,,,,,,,,,,,,,,,,,,,,,
19,https://www.mobiauto.com.br/comprar/carros/ba-salvador/volkswagen/t-cross/2022/1-0-200-tsi-comfortline-aut-flex/detalhes/9064341?page=detail&undefined,Volkswagen,T-Cross,1.0 200 TSI Comfortline (Aut) (Flex),R$ 113.000,Salvador - BA,2021/2022,Flex,5,22.930,Automática,Branco,SUV,Sim,Sim,Sim,Sim,,Sim,Sim,Sim,Sim,Sim,Sim,Sim,Sim,Sim,,,Sim,Sim,Sim,200 TSI 1.0,128 (E) / 116 (G),20.394323 (E) / 20.394323 (G),184 (E) / 179 (G),10.4 (E) / 10.9 (G),N/C,N/C,dianteira,Elétrica,,,Disco ventilado,,1568,1760,4199,1250,52,2651,420,5,Sim,Sim,,Sim,,,Sim,,Sim,,,Sim,Sim,,Sim,,Sim,,,,Sim,,,Sim,Sim,,,Sim,,,Sim,Sim,Sim,Sim,Sim,Sim,Sim,,Sim,,,Sim,Sim,,Sim,,,,,,,,,,,,,,,,,,,,,,,,,,,,,,,,,,,,,,,,,,,,,
20,https://www.mobiauto.com.br/comprar/carros/ba-salvador/volkswagen/t-cross/2022/1-0-200-tsi-12v-aut-flex/detalhes/9063806?page=detail&undefined,Volkswagen,T-Cross,1.0 200 TSI 12V (Aut) (Flex),R$ 99.900,Salvador - BA,2021/2022,Flex,2,10.752,Automática,Preto,SUV,Sim,,Sim,Sim,,Sim,Sim,,Sim,,Sim,,,,,,Sim,Sim,Sim,1.0,128 (E) / 116 (G),20.394323 (E) / 20.394323 (G),193 (E),10.2 (E),N/C,N/C,dianteira,,,,Dois freios à disco com dois discos ventilados,,1568,1760,4199,1250,,2651,420,5,,,,,,,,,,,,,,,,,,,,,,,,,,,,,,,,,,,,,,,,,,,,,,,,,,,,,,,,,,,,,,,,,,,,,,,,,,,,,,,,,,,,,,,,,,
21,https://www.mobiauto.com.br/comprar/carros/ba-salvador/volkswagen/nivus/2021/comfortline-1-0-turbo-aut-flex/detalhes/9135301?page=detail&undefined,Volkswagen,Nivus,Comfortline 1.0 Turbo (Aut) (Flex),R$ 94.900,Salvador - BA,2021/2021,Flex,5,28.269,Automática,Prata,,Sim,Sim,Sim,Sim,Sim,Sim,Sim,Sim,Sim,Sim,Sim,Sim,Sim,,,,Sim,Sim,Sim,1.0 Turbo,128 (E) / 116 (G),20.4 (E) / 20.4 (G),189 (E) / 184 (G),10 (E) / 10.5 (G),N/C,N/C,Dianteira,Elétrica,McPherson,Eixo de torção,Disco ventilado,Disco,1757,1493,4266,1199,52,2566,415,5,Sim,Sim,,Sim,,,Sim,,Sim,,,Sim,Sim,,Sim,,Sim,,,,Sim,,Sim,Sim,Sim,Sim,Sim,,,,Sim,Sim,Sim,Sim,Sim,,Sim,,,,,,Sim,,,,,,,,,,,,,,,,,,,Sim,Sim,,,,,,,,,,,,,,,,,,,,,,,,,,,
22,https://www.mobiauto.com.br/comprar/carros/ba-salvador/volkswagen/taos/2022/comfortline-1-4-tsi-aut-flex/detalhes/9063956?page=detail&undefined,Volkswagen,Taos,Comfortline 1.4 TSI (Aut) (Flex),R$ 135.900,Salvador - BA,2021/2022,Flex,5,12.176,Automática,Preto,SUV,Sim,Sim,Sim,Sim,Sim,Sim,Sim,Sim,Sim,Sim,Sim,Sim,Sim,,Sim,Sim,Sim,Sim,Sim,1.4 TSI,150 (E) / 150 (G),25.5 (E) / 25.5 (G),194 (E) / 194 (G),9.3 (E) / 9.3 (G),7.6 (E) / 10.9 (G),9.1 (E) / 13 (G),Dianteira,Elétrica,"Suspensão independente, braços sobrepostos e mola helicoidal.",Suspensão tipo eixo de torção e molas helicoidal.,Discos ventilados,Discos sólidos,1626,1841,2680,1420,51,2680,498,5,Sim,Sim,Sim,Sim,,,Sim,Sim,Sim,Sim,Sim,Sim,Sim,,Sim,Sim,Sim,,,,Sim,,,Sim,Sim,Sim,Sim,Sim,Sim,Sim,Sim,Sim,Sim,Sim,Sim,Sim,Sim,,Sim,Sim,Sim,Sim,Sim,Sim,,,,,,,,,,,,,,,,Sim,Sim,Sim,,,,,,,,,,,,,,,,,,,,,,,,,,,,
23,https://www.mobiauto.com.br/comprar/carros/ba-salvador/volkswagen/t-cross/2021/1-4-tsi-highline-aut-flex/detalhes/9482443?page=detail&undefined,Volkswagen,T-Cross,1.4 TSI Highline (Aut) (Flex),R$ 110.900,Salvador - BA,2021/2021,Flex,5,21.277,Automática,Cinza,SUV,Sim,Sim,Sim,Sim,Sim,Sim,Sim,Sim,Sim,Sim,Sim,Sim,Sim,Sim,,Sim,Sim,Sim,Sim,250 TSI 1.4,150 (E) / 150 (G),25.492905 (E) / 25.492905 (G),198 (E) / 198 (G),8.7 (E) / 8.7 (G),7.7 (E) / 11 (G),9.3 (E) / 13.2 (G),dianteira,Elétrica,,,Dois freios à disco com dois discos ventilados,,1568,1760,4199,1250,52,2651,420,5,Sim,Sim,,Sim,,,Sim,Sim,Sim,,Sim,Sim,Sim,Sim,Sim,Sim,Sim,,,,Sim,,Sim,Sim,Sim,Sim,Sim,Sim,Sim,Sim,Sim,Sim,Sim,Sim,Sim,Sim,Sim,,Sim,Sim,Sim,,Sim,Sim,Sim,,,,,,,,,,,,,,,Sim,Sim,,,,,,,,,,,,,,,,,,,,,,,,,,,,,
24,https://www.mobiauto.com.br/comprar/carros/ba-salvador/fiat/cronos/2022/drive-1-3/detalhes/8800988?page=detail&undefined,Fiat,Cronos,Drive 1.3,R$ 70.900,Salvador - BA,2021/2022,Flex,5,47.802,Manual,Vermelho,Sedan,Sim,Sim,Sim,Sim,,Sim,Sim,,,,Sim,Sim,Sim,,,Sim,,,,1.3,109 (E) / 101 (G),14.2 (E) / 13.7 (G),183 (E) / 183 (G),11.5 (E) / 11.5 (G),9.1 (E) / 13 (G),11.2 (E) / 15.9 (G),Dianteira,Elétrica,"Independente, McPherson com mola helicoidal",Eixo de torção com mola helicoidal,Discos ventilados,Tambor,1508,1726,4364,1139,48,2521,525,5,,Sim,,Sim,,,Sim,,Sim,,Sim,Sim,Sim,,Sim,,Sim,,,,,,Sim,Sim,Sim,,Sim,Sim,,,,Sim,Sim,Sim,Sim,,,,,,,,,,,,,Sim,,,,,,,,,,,,,,,,,,,,,,,,,,,,,,,,,,,,,,,,,,
25,https://www.mobiauto.com.br/comprar/carros/ba-salvador/honda/fit/2019/1-5-16v-exl-cvt-flex/detalhes/9219506?page=detail&undefined,Honda,Fit,1.5 16v EXL CVT (Flex),R$ 79.900,Salvador - BA,2018/2019,Flex,3,78.067,Automática,Vermelho,Monovolume,Sim,Sim,Sim,Sim,Sim,Sim,Sim,Sim,Sim,Sim,Sim,Sim,Sim,Sim,Sim,Sim,,,,1.5,116 (E) / 115 (G),15.601658 (E) / 15.499686 (G),N/C,- (E),8.3 (E) / 12.3 (G),9.9 (E) / 14.1 (G),dianteira,,,,Dois freios à disco com dois discos ventilados,,1535,1694,4096,1104,46,2530,363,5,Sim,Sim,,,Sim,,,,Sim,,Sim,,,Sim,Sim,,Sim,,Sim,,Sim,,Sim,,,,,,,,,,,,,,,,,,,,,,,,,Sim,,,,,,,,,,,,,,,,,,,,,,,,,,,,,,,,,,,,,,,,,,
26,https://www.mobiauto.com.br/comprar/carros/ba-salvador/chevrolet/spin/2020/premier-7s-1-8-aut-flex/detalhes/8700031?page=detail&undefined,Chevrolet,Spin,Premier 7S 1.8 (Aut) (Flex),R$ 79.900,Salvador - BA,2020/2020,Flex,0,106.246,Automática,Branco,Monovolume,Sim,Sim,Sim,Sim,Sim,Sim,Sim,Sim,Sim,Sim,Sim,Sim,Sim,Sim,Sim,Sim,,,,1.8,111 (E) / 106 (G),17.743063 (E) / 16.825317 (G),168 (E),12 (E),7.2 (E) / 10.6 (G),8.9 (E) / 12.8 (G),dianteira,,,,Dois freios à disco com dois discos ventilados,,1609,1735,4416,1282,53,2620,162,7,,Sim,,,Sim,,,,Sim,,Sim,,Sim,Sim,Sim,,Sim,,Sim,Sim,Sim,Sim,,,,,,,,,,,,,,,,,,,,,,,,,,Sim,,,,,,,,,,,,,,,,,,,,,,,,,,,,,,,,,,,,,,,,,,
27,https://www.mobiauto.com.br/comprar/carros/ba-salvador/volkswagen/touareg/2012/3-6-v6-fsi-4wd/detalhes/9491140?page=detail&undefined,Volkswagen,Touareg,3.6 V6 FSI 4WD,R$ 76.900,Salvador - BA,2011/2012,Flex,6,155.920,Automática,Prata,SUV,Sim,Sim,Sim,Sim,Sim,Sim,Sim,Sim,Sim,Sim,Sim,Sim,Sim,Sim,Sim,,,,,3.6,280 (G),36.709785 (G),228 (G),7.8 (G),7.6 (G),12.5 (G),4x4,,"Suspensão tipo braços triangulares e dianteira com barra estabilizadora, roda tipo independente e molas helicoidal.","Suspensão tipo braços triangulares e traseira com barra estabilizadora, roda tipo independente e molas helicoidal.",Quatro freios à disco com quatro discos ventilados.,,1709,1940,4795,2075,85,2893,580,5,Sim,Sim,,,Sim,,,,Sim,,Sim,,,Sim,Sim,Sim,Sim,,Sim,Sim,Sim,Sim,Sim,,,,,,,,,,,,,,,,,,,,,,,Sim,,Sim,Sim,,,,,,,,,,,,,,,Sim,Sim,,,,,,,,,,,,,,,,,,,,,,,,,
28,https://www.mobiauto.com.br/comprar/carros/ba-salvador/peugeot/208/2014/active-1-5-8v-flex/detalhes/8676583?page=detail&undefined,Peugeot,208,Active 1.5 8V (Flex),R$ 35.900,Salvador - BA,2013/2014,Flex,0,105.668,Manual,Prata,Hatch,Sim,Sim,Sim,Sim,,Sim,Sim,Sim,,,,Sim,Sim,Sim,,,,,,1.4,93 (E) / 89 (G),14.174055 (E) / 13.460254 (G),181 (E) / 177 (G),10.9 (E),8 (E) / 11.6 (G),14.3 (E),dianteira,,"Suspensão tipo McPherson e dianteira com barra estabilizadora, roda tipo independente e molas helicoidal.","Suspensão tipo eixo de torção, roda tipo semi-independente e molas helicoidal.",Dois freios à disco.,,1472,1702,3966,1076,55,2541,285,5,,Sim,,,Sim,,,,Sim,,Sim,,Sim,,Sim,,Sim,,,,Sim,,Sim,,,,,,,,,,,,,,,,,,,,,,,,,Sim,,,,,,,,,,,,,,,,,,,,,,,,,,,,,,,,,,,,,,,,,,
29,https://www.mobiauto.com.br/comprar/carros/ba-salvador/citroen/c4-cactus/2022/1-6-feel-aut-flex/detalhes/9490178?page=detail&undefined,Citroën,C4 Cactus,1.6 Feel (Aut) (Flex),R$ 82.900,Salvador - BA,2021/2022,Flex,0,51.061,Automática,Prata,SUV,Sim,Sim,Sim,Sim,,Sim,Sim,Sim,Sim,Sim,Sim,Sim,Sim,Sim,Sim,Sim,,,,1.6,118 (E) / 115 (G),16.1 (E) / 16.1 (G),190 (E) / 185 (G),12 (E),7.7 (E) / 11.2 (G),8.9 (E) / 12.7 (G),Dianteira,Elétrica,"McPherson, independente, molas helicoidais, amortecedores hidráulicos telescópicos e barra estabilizadora","Suspensão tipo eixo de torção, roda tipo semi-independente e molas helicoidais",Discos ventilados,Tambor,1534,1714,4170,1204,55,2600,320,5,,Sim,,Sim,,,,,Sim,,Sim,Sim,Sim,,Sim,Sim,Sim,,,,Sim,,Sim,Sim,Sim,Sim,Sim,Sim,Sim,,Sim,Sim,Sim,Sim,Sim,,,,,,,,Sim,Sim,,,,Sim,,,,,,,,,,,,,,,Sim,,,,,,,,,,,,,,,,,,,,,,,,,,,
30,https://www.mobiauto.com.br/comprar/carros/ba-salvador/ford/ecosport/2020/se-1-5-flex/detalhes/9176397?page=detail&undefined,Ford,EcoSport,SE 1.5 (Flex),R$ 69.900,Salvador - BA,2020/2020,Flex,9,65.000,Manual,Branco,SUV,Sim,Sim,Sim,Sim,Sim,Sim,Sim,Sim,,Sim,Sim,Sim,Sim,,Sim,Sim,,,,1.5,137 (E) / 130 (G),16.213488 (E) / 15.601658 (G),N/C,- (E),8.3 (E) / 11.6 (G),9 (E) / 13.1 (G),dianteira,,,,Dois freios à disco com dois discos ventilados,,1693,1765,4269,1227,52,2521,362,5,,,,,Sim,,,,,,Sim,,,,Sim,,Sim,,,,,,,,,,,,,,,,,,,,,,,,,,,,,,,Sim,,,,,,,,,,,,,,,,,,,,,,,,,,,,,,,,,,,,,,,,,,
31,https://www.mobiauto.com.br/comprar/carros/ba-salvador/fiat/strada/2020/hard-working-1-4-flex-cabine-simples/detalhes/9461167?page=detail&undefined,Fiat,Strada,Hard Working 1.4 (Flex) (Cabine Simples),R$ 61.900,Salvador - BA,2020/2020,Flex,1,149.076,Manual,Branco,Picapes,,Sim,,,,Sim,Sim,,,,,,,,,,,Sim,,1.4,88 (E) / 85 (G),12.5 (E) / 12.4 (G),164 (E) / 163 (G),12.5 (E),7 (E) / 10.3 (G),10.9 (E),dianteira,,"Suspensão tipo McPherson e dianteira com barra estabilizadora, roda tipo independente e molas helicoidal.","Suspensão tipo eixo transversal (beam), roda tipo rígida e molas feixe de lâminas.",Dois freios à disco com dois discos ventilados.,,1590,1664,4438,1084,58,2718,,2,,,,,,,,,Sim,,,,Sim,,,,Sim,,,,,,,Sim,,,,Sim,Sim,,,,,,,,,,,,,,,,,,,Sim,,,Sim,Sim,Sim,Sim,Sim,,,Sim,Sim,,,,,,,Sim,,,,,,,,,,,,,,,,,,,,,,,,
32,https://www.mobiauto.com.br/comprar/carros/ba-salvador/jeep/renegade/2021/longitude-1-8-4x2-aut-flex/detalhes/9450495?page=detail&undefined,Jeep,Renegade,Longitude 1.8 4x2 (Aut) (Flex),R$ 86.900,Salvador - BA,2021/2021,Flex,6,68.000,CVT,Verde,SUV,Sim,Sim,Sim,Sim,Sim,Sim,,,Sim,Sim,Sim,Sim,Sim,Sim,Sim,Sim,Sim,Sim,Sim,1.8,139 (E) / 135 (G),19.2 (E) / 18.7 (G),182 (E) / 180 (G),11.1 (E),6.9 (E) / 10 (G),8.6 (E) / 12 (G),Dianteira,Hidráulica,"Suspensão tipo McPherson e dianteira com barra estabilizadora, roda tipo independente e molas helicoidal.","Suspensão tipo McPherson e traseira com barra estabilizadora, roda tipo independente e molas helicoidal.",Discos ventilados,Discos sólidos,1696,1798,4232,1465,60,2570,320,5,,Sim,,Sim,,Sim,Sim,,Sim,Sim,Sim,Sim,,,Sim,,,,Sim,,,,,,,,,,,,,Sim,,,,,,,,,,,Sim,,,,,Sim,,,Sim,Sim,Sim,Sim,Sim,Sim,Sim,Sim,Sim,,,,,,,,Sim,,,,,,,,,,,,,,,,,,,,,,,
33,https://www.mobiauto.com.br/comprar/carros/ba-salvador/jeep/renegade/2016/sport-1-8-4x2-flex/detalhes/9399927?page=detail&undefined,Jeep,Renegade,Sport 1.8 4x2 (Flex),R$ 58.900,Salvador - BA,2016/2016,Flex,2,88.000,Manual,Verde,SUV,Sim,Sim,Sim,Sim,Sim,Sim,Sim,Sim,,Sim,Sim,Sim,Sim,Sim,,,Sim,Sim,Sim,1.7,132 (E) / 130 (G),19.1 (E) / 18.6 (G),182 (E) / 180 (G),10.2 (E),6.7 (E) / 9.6 (G),10.7 (E),Dianteira,Elétrica,"Suspensão tipo McPherson e dianteira com barra estabilizadora, roda tipo independente e molas helicoidal.","Suspensão tipo McPherson e traseira com barra estabilizadora, roda tipo independente e molas helicoidal.",Discos ventilados,Discos sólidos,1666,1798,4232,1393,60,2570,260,5,,Sim,,Sim,Sim,,,,Sim,,Sim,,,,Sim,,Sim,,Sim,,Sim,,Sim,,,,,,,,,,,,,,,,,,,,,,,,,Sim,,,Sim,Sim,,Sim,Sim,Sim,Sim,Sim,Sim,,,,,,,,,,,,,,,,,,,,,,,,,,,,,,,
34,https://www.mobiauto.com.br/comprar/carros/ba-salvador/ford/ecosport/2015/ecosport-freestyle-powershift-2-0-16v-flex/detalhes/9399209?page=detail&undefined,Ford,EcoSport,Ecosport Freestyle Powershift 2.0 16V (Flex),R$ 54.900,Salvador - BA,2015/2015,Flex,9,100.000,Automática,Preto,SUV,Sim,Sim,Sim,Sim,Sim,Sim,Sim,Sim,,Sim,Sim,Sim,Sim,Sim,,,Sim,Sim,Sim,2.0,147 (E) / 141 (G),19.7 (E) / 19 (G),180 (E) / 180 (G),9.9 (E),6.2 (E) / 9.1 (G),10.9 (E),dianteira,,"Suspensão tipo McPherson e dianteira com barra estabilizadora, roda tipo independente e molas helicoidal.","Suspensão tipo eixo de torção, roda tipo semi-independente e molas helicoidal.",Dois freios à disco com dois discos ventilados.,,1696,1765,4239,1404,52,2521,362,5,,Sim,,Sim,Sim,,,,,,Sim,,,,Sim,,Sim,,Sim,,Sim,,Sim,,,,,,,,,,,,,,,,,,,,,,,,,Sim,Sim,,Sim,Sim,Sim,Sim,Sim,Sim,Sim,Sim,Sim,,,,,,Sim,,Sim,,,,,,,,,,,,,,,,,,,,,,,
35,https://www.mobiauto.com.br/comprar/carros/ba-salvador/ford/ka/2019/ka-1-5-se-aut-flex/detalhes/9025906?page=detail&undefined,Ford,Ka,ka 1.5 SE (Aut) (Flex) ,R$ 55.900,Salvador - BA,2019/2019,Flex,1,62,Automática,Branco,Hatch,Sim,,,,,,,,Sim,,,,,,,,Sim,,Sim,1.5,136 (E) / 128 (G),16.111517 (E) / 15.601658 (G),N/C,- (E),7.8 (E) / 11 (G),10.1 (E) / 14.2 (G),dianteira,,,,Dois freios à disco com dois discos ventilados,,1525,1774,3941,1108,52,2490,257,5,,Sim,,,,,,,,,,,,,,,,,,,,,,,,,,Sim,,,,,,,,,,,,,,,,,,,,Sim,,,Sim,Sim,Sim,Sim,,,Sim,Sim,Sim,,,,,,,,,,,,,,,,,,,,,,,,,,,,,,,
36,https://www.mobiauto.com.br/comprar/carros/ba-salvador/fiat/mobi/2018/evo-like-1-0-flex/detalhes/9375096?page=detail&undefined,Fiat,Mobi,Evo Like 1.0 (Flex),R$ 42.900,Salvador - BA,2018/2018,Flex,1,67.000,Manual,Vermelho,Hatch,Sim,Sim,Sim,Sim,,Sim,Sim,,,,,,Sim,,,,Sim,Sim,,1.0,75 (E) / 73 (G),9.9 (E) / 9.5 (G),154 (E) / 161 (G),13.4 (E),8.8 (E) / 12.7 (G),14.3 (E),dianteira,,"Suspensão tipo McPherson, roda tipo independente e molas helicoidal.","Suspensão tipo eixo de torção, roda tipo semi-independente e molas helicoidal.",Dois freios à disco.,,1502,1633,3566,933,47,2305,215,5,,Sim,,,Sim,,,,,,Sim,,Sim,,,,Sim,,,,Sim,,Sim,,,,,,,,,,,,,,,,,,,,,,,,,,,,Sim,,Sim,,,,Sim,Sim,,,,,,,Sim,,,,,,,,,,,,,,,,,,,,,,,,,
37,https://www.mobiauto.com.br/comprar/carros/ba-salvador/ford/new-fiesta-hatch/2014/new-fiesta-s-1-5-16v/detalhes/9374354?page=detail&undefined,Ford,New Fiesta Hatch,New Fiesta S 1.5 16V,R$ 41.900,Salvador - BA,2014/2014,Flex,5,96.000,Manual,Branco,Hatch,Sim,Sim,Sim,Sim,Sim,Sim,Sim,Sim,,,Sim,Sim,,,,,Sim,Sim,Sim,1.5,111 (E) / 107 (G),15.0 (E) / 14.8 (G),180 (E) / 180 (G),12.2 (E),7.8 (E),9.6 (E),dianteira,,"Suspensão tipo McPherson e dianteira com barra estabilizadora, roda tipo independente e molas helicoidal.","Suspensão tipo eixo de torção, roda tipo semi-independente e molas helicoidal.",Dois freios à disco com dois discos ventilados.,,1464,1722,3969,1108,51,2489,281,5,,Sim,,,Sim,,,,,,Sim,,,,Sim,,Sim,,,,,,Sim,,,,,,,,,,,,,,,,,,,,,,,,,Sim,,,Sim,Sim,Sim,,,Sim,,Sim,Sim,,,,,,,,,,,,,,,,,,,,,,,,,,,,,,,
38,https://www.mobiauto.com.br/comprar/carros/ba-salvador/jeep/renegade/2016/longitude-1-8-4x2-aut-flex/detalhes/9333511?page=detail&undefined,Jeep,Renegade,Longitude 1.8 4x2 (Aut) (Flex),R$ 69.900,Salvador - BA,2016/2016,Flex,2,94,Automática,Preto,SUV,Sim,Sim,Sim,Sim,Sim,Sim,Sim,Sim,Sim,Sim,Sim,Sim,,Sim,,,,,,1.7,132 (E) / 130 (G),19.1 (E) / 18.6 (G),181 (E) / 179 (G),11.5 (E),6.5 (E) / 9.4 (G),7.2 (E) / 11.5 (G),Dianteira,Hidráulica,"Suspensão tipo McPherson e dianteira com barra estabilizadora, roda tipo independente e molas helicoidal.","Suspensão tipo McPherson e traseira com barra estabilizadora, roda tipo independente e molas helicoidal.",Discos ventilados,Discos sólidos,1705,1798,4232,1440,60,2570,260,5,,Sim,,Sim,Sim,,,,Sim,,Sim,,,,Sim,,Sim,,Sim,,Sim,,Sim,,,,,,,,,,,,,,,,,,,,,,,,,Sim,,,,,,,,,,,,,,,,,,,,,,,,,,,,,,,,,,,,,,,,,,
39,https://www.mobiauto.com.br/comprar/carros/ba-salvador/hyundai/hb20/2015/1-0-comfort-flex/detalhes/9322550?page=detail&undefined,Hyundai,HB20,1.0 Comfort (Flex),R$ 45.900,Salvador - BA,2015/2015,Flex,3,130,Manual,Preto,Hatch,Sim,Sim,,,,Sim,Sim,Sim,,,,,Sim,,,,,,,1.0,80 (E),10.2 (E),160 (E),14.9 (E),8.3 (E) / 11.8 (G),9.8 (E) / 14 (G),Dianteira,Hidráulica,"Suspensão tipo McPherson, roda tipo independente e molas helicoidal",Suspensão tipo eixo de torção e molas helicoidal,Dois freios à disco ventilados,Tambor ,1470,1680,3900,953,50,2500,300,5,,,,,,,,,Sim,,,Sim,Sim,,,,Sim,,,,,,Sim,,,,,,,,,Sim,,,,,,,,,,,,,,,,Sim,,,,,,,,,,,,,,,,,,,,,,,,,,,,,,,,,,,,,,,,,,
40,https://www.mobiauto.com.br/comprar/carros/ba-salvador/toyota/rav4/2014/2-0-16v-4x4-cvt-4wd/detalhes/9300290?page=detail&undefined,Toyota,RAV4,2.0 16v 4x4 CVT 4wd,R$ 82.900,Salvador - BA,2013/2014,Gasolina,4,115.000,Automática,Branco,SUV,Sim,Sim,Sim,Sim,Sim,Sim,Sim,Sim,Sim,Sim,Sim,Sim,Sim,Sim,Sim,,,Sim,,2.0,145 (G),19.068693 (G),170 (G),13 (G),9.5 (G),10.9 (G),4x4,,"Suspensão tipo McPherson e dianteira com barra estabilizadora, roda tipo independente e molas helicoidal.","Suspensão tipo braços triangulares e traseira com barra estabilizadora, roda tipo independente e molas helicoidal.",Quatro freios à disco com dois discos ventilados.,,1720,1815,4570,1615,60,2660,547,5,Sim,Sim,,Sim,Sim,,,,,,Sim,,Sim,Sim,Sim,Sim,Sim,Sim,Sim,Sim,Sim,,Sim,,,,,,,,,,,,,,,,,,,,Sim,,,Sim,,,Sim,,Sim,,,,,,Sim,Sim,Sim,,,Sim,,,Sim,,,Sim,Sim,,,,,,,,,,,,,,,,,,,,,
41,https://www.mobiauto.com.br/comprar/carros/ba-salvador/ford/ecosport/2011/ecosport-4wd-2-0-16v-flex/detalhes/9291415?page=detail&undefined,Ford,EcoSport,Ecosport 4WD 2.0 16V (Flex),R$ 39.900,Salvador - BA,2011/2011,Flex,3,77.000,Manual,Preto,SUV,Sim,Sim,Sim,Sim,Sim,Sim,Sim,Sim,,Sim,Sim,Sim,Sim,Sim,,,Sim,Sim,Sim,2.0,145 (E) / 141 (G),19.374609 (E) / 19.068693 (G),N/C,- (E),N/C,N/C,4x4,,"Suspensão tipo McPherson e dianteira com barra estabilizadora, roda tipo independente e molas helicoidal.","Suspensão tipo multibraço e traseira com barra estabilizadora, roda tipo independente e molas helicoidal.",Dois freios à disco com dois discos ventilados.,,1679,1734,4228,1381,50,2490,296,5,,Sim,,,,,,,,,Sim,,,,Sim,,Sim,,,,,,Sim,,,,,,,,,,,,,,,,,,,,,,,,,Sim,Sim,,Sim,,Sim,,,Sim,Sim,Sim,Sim,,,,,,Sim,,,,,Sim,,,,,,,,,,,,,,,,,,,,
42,https://www.mobiauto.com.br/comprar/carros/ba-salvador/volkswagen/crossfox/2016/1-6-16v-msi-flex/detalhes/9058241?page=detail&undefined,Volkswagen,CrossFox,1.6 16v MSI (Flex),R$ 49.900,Salvador - BA,2016/2016,Flex,3,93,Manual,Branco,Hatch,Sim,Sim,Sim,Sim,Sim,Sim,Sim,Sim,,Sim,Sim,Sim,Sim,Sim,Sim,Sim,Sim,Sim,Sim,1.6,120 (E) / 110 (G),16.825317 (E) / 15.805601 (G),180 (E) / 177 (G),10.2 (E),7.5 (E) / 10.6 (G),11.7 (E),dianteira,,"Suspensão tipo McPherson e dianteira com barra estabilizadora, roda tipo independente e molas helicoidal.","Suspensão tipo eixo de torção, roda tipo semi-independente e molas helicoidal.",Dois freios à disco com dois discos ventilados.,,1600,1663,4053,1156,50,2469,270,5,,Sim,,,Sim,,,,,,Sim,,,,Sim,,Sim,,,,Sim,,,,,,,,,,,,,,,,,,,,,,,,,,,Sim,Sim,,Sim,Sim,Sim,Sim,Sim,Sim,Sim,Sim,Sim,,,,,,Sim,Sim,,,Sim,,,,,,,,,,,,,,,,,,,,,
43,https://www.mobiauto.com.br/comprar/carros/ba-salvador/toyota/etios/2015/xs-1-5-flex/detalhes/9235034?page=detail&undefined,Toyota,Etios,XS 1.5 (Flex),R$ 42.900,Salvador - BA,2015/2015,Flex,8,130.000,Manual,Prata,Hatch,Sim,Sim,Sim,Sim,Sim,Sim,Sim,Sim,,,Sim,Sim,Sim,,,,,,,1.5,96 (E) / 92 (G),13.86814 (E) / 13.86814 (G),187 (E),11.1 (E),8.5 (E) / 12.4 (G),13.4 (E),dianteira,,"Suspensão tipo McPherson e dianteira com barra estabilizadora, roda tipo independente e molas helicoidal.","Suspensão tipo eixo de torção, roda tipo semi-independente e molas helicoidal.",Dois freios à disco com dois discos ventilados.,,1510,1695,3777,945,45,2460,270,5,,,,,Sim,,,,,,Sim,,,,Sim,,,,,,,,Sim,,,,,,,,,,,,,,,,,,,,,,,,,Sim,Sim,,,,,,,,,,,,,,,,Sim,,,,Sim,,,,,,,,,,,,,,,,,,,,,
44,https://www.mobiauto.com.br/comprar/carros/ba-salvador/honda/hr-v/2020/ex-cvt-1-8-i-vtec-flexone/detalhes/6272209?page=detail&undefined,Honda,HR-V,EX CVT 1.8 I-VTEC FlexOne,R$ 102.900,Salvador - BA,2019/2020,Flex,8,59.000,CVT,Vermelho,SUV,,Sim,Sim,,Sim,Sim,,Sim,,Sim,Sim,Sim,Sim,,,Sim,Sim,,Sim,1.8,139 (E) / 140 (G),17.743063 (E) / 17.53912 (G),N/C,- (E),7.7 (E) / 11 (G),8.6 (E) / 12.3 (G),dianteira,,,,Quatro freios à disco com dois discos ventilados,,1586,1772,4294,1271,51,2610,437,5,,,,,,,,,,Sim,Sim,Sim,,,,,,,Sim,,,,Sim,,,,,,,,,,,,,,,,,,,,Sim,,,,,Sim,,,,,Sim,,Sim,,,Sim,Sim,,,,,,,,,,,,,,,,,,,,,,,,,,,,,,,
45,https://www.mobiauto.com.br/comprar/carros/ba-salvador/renault/kwid/2019/zen-1-0-12v-sce-flex/detalhes/9224066?page=detail&undefined,Renault,Kwid,Zen 1.0 12v SCe (Flex),R$ 42.900,Salvador - BA,2019/2019,Flex,6,51.994,Manual,Branco,Hatch,Sim,,Sim,Sim,,Sim,Sim,,,,,Sim,,,,Sim,Sim,Sim,Sim,1.0,70 (E) / 66 (G),10.0 (E) / 9.6 (G),156 (E) / 152 (G),14.7 (E),10.3 (E) / 14.9 (G),10.8 (E) / 15.6 (G),Dianteira,Elétrica,"Suspensão tipo McPherson, roda tipo independente e molas helicoidal.","Suspensão tipo eixo de torção, roda tipo semi-independente e molas helicoidal.",Dois freios à disco ventilados,Tambor ,1474,1579,3680,779,38,2423,290,5,Sim,Sim,,,Sim,,,,,,,,Sim,,,,Sim,,,,,,,,,,,,,,,,,,,,,,,,,,,,,,,Sim,,,,,,Sim,,,Sim,,Sim,,,,,,,,,,,,,,,,,,,,,,,,,,,,,,,
46,https://www.mobiauto.com.br/comprar/carros/ba-salvador/hyundai/creta/2018/attitude-1-6-aut-flex-pcd/detalhes/9223344?page=detail&undefined,Hyundai,Creta,Attitude 1.6 (Aut) (Flex) (PCD),R$ 85.900,Salvador - BA,2018/2018,Flex,5,39.000,Automática,Branco,SUV,Sim,Sim,Sim,Sim,Sim,Sim,Sim,Sim,,Sim,Sim,Sim,Sim,,,Sim,,,,1.6,130 (E) / 123 (G),16.5 (E) / 16 (G),172 (E),11.9 (E),7.6 (E) / 10.4 (G),11.7 (E),dianteira,,"Suspensão tipo McPherson e dianteira com barra estabilizadora, roda tipo independente e molas helicoidal.","Suspensão tipo eixo de torção, roda tipo semi-independente e molas helicoidal.",Dois freios à disco com dois discos ventilados.,,1635,1780,4270,1296,55,2590,431,5,,Sim,,,Sim,,,,,,Sim,,,,Sim,,Sim,,,,,,,,,,,,,,,,,,,,,,,,,,,,,,,Sim,,,,,,,,,,,,,,,,,,,,,,,,,,,,,,,,,,,,,,,,,,
47,https://www.mobiauto.com.br/comprar/carros/ba-salvador/ford/ecosport/2018/freestyle-1-5-aut-flex/detalhes/9221294?page=detail&undefined,Ford,EcoSport,Freestyle 1.5 (Aut) (Flex),R$ 68.900,Salvador - BA,2018/2018,Flex,1,123.000,Automática,Branco,SUV,Sim,Sim,Sim,Sim,Sim,Sim,Sim,Sim,Sim,Sim,Sim,Sim,Sim,Sim,Sim,Sim,Sim,Sim,Sim,1.5,137 (E) / 130 (G),16.2 (E) / 15.6 (G),N/C,- (E),undefined (E) / 10.4 (G),12.8 (E),dianteira,,"Suspensão tipo McPherson e dianteira com barra estabilizadora, roda tipo independente e molas helicoidal.","Suspensão tipo eixo de torção, roda tipo semi-independente e molas helicoidal.",Dois freios à disco com dois discos ventilados.,,1693,1765,4269,1272,52,2519,362,5,Sim,Sim,,,Sim,,,,,,Sim,,,,Sim,,Sim,,Sim,,Sim,,,,,,,,,,,,,,,,,,,,,,,,,,,Sim,,,Sim,Sim,Sim,Sim,,Sim,Sim,Sim,Sim,,,,,,,,Sim,,,,,,,,,,,,,,,,,,,,,,,
48,https://www.mobiauto.com.br/comprar/carros/ba-salvador/jeep/renegade/2021/longitude-1-8-4x2-aut-flex/detalhes/9133765?page=detail&undefined,Jeep,Renegade,Longitude 1.8 4x2 (Aut) (Flex),R$ 89.900,Salvador - BA,2021/2021,Flex,9,66.555,Automática,Prata,SUV,Sim,Sim,Sim,Sim,Sim,Sim,,,Sim,Sim,Sim,Sim,Sim,Sim,Sim,Sim,Sim,,,1.8,139 (E) / 135 (G),19.2 (E) / 18.7 (G),182 (E) / 180 (G),11.1 (E),6.9 (E) / 10 (G),8.6 (E) / 12 (G),Dianteira,Hidráulica,"Suspensão tipo McPherson e dianteira com barra estabilizadora, roda tipo independente e molas helicoidal.","Suspensão tipo McPherson e traseira com barra estabilizadora, roda tipo independente e molas helicoidal.",Discos ventilados,Discos sólidos,1696,1798,4232,1465,60,2570,320,5,,Sim,,Sim,,Sim,Sim,,Sim,Sim,Sim,Sim,,,Sim,,,,Sim,,,,,,,,,,,,,Sim,,,,,,,,,,,Sim,,,,,Sim,,,Sim,,,,,,,Sim,Sim,,,,,,,,,,,,,,,,,,,,,,,,,,,,,,,
49,https://www.mobiauto.com.br/comprar/carros/ba-salvador/toyota/hilux-cabine-dupla/2020/hilux-2-7-srv-cd-4x2-flex-aut/detalhes/9173367?page=detail&undefined,Toyota,Hilux Cabine Dupla,Hilux 2.7 SRV CD 4x2 (Flex) (Aut),R$ 158.900,Salvador - BA,2020/2020,Flex,0,91.162,Automática,Preto,Picapes,Sim,Sim,Sim,Sim,Sim,Sim,Sim,,Sim,Sim,Sim,Sim,Sim,Sim,Sim,,,,,2.7,163 (E) / 159 (G),25.0 (E) / 25 (G),165 (E),14.5 (E),4.8 (E) / 6.9 (G),8.1 (E),4x4,,"Suspensão tipo braços triangulares e dianteira com barra estabilizadora, roda tipo independente e molas helicoidal.","Suspensão tipo eixo transversal (beam), roda tipo rígida e molas feixe de lâminas.",Dois freios à disco com dois discos ventilados.,,1815,1855,5315,1985,80,3085,,5,Sim,Sim,,,Sim,,,,,,Sim,,,Sim,Sim,Sim,Sim,,Sim,,Sim,Sim,Sim,,,,,,,,,,,,,,,,,,,,,,,Sim,,Sim,Sim,,,,,Sim,,,,,,,,,,,Sim,,,,,,Sim,,,,,,,,,,,,,,,,,,,
50,https://www.mobiauto.com.br/comprar/carros/ba-salvador/fiat/toro/2021/endurance-1-8-at6-flex-aut/detalhes/9152855?page=detail&undefined,Fiat,Toro,Endurance 1.8 AT6 FLEX (Aut),R$ 98.900,Salvador - BA,2021/2021,Flex,1,30.000,Automática,Branco,Picapes,Sim,Sim,Sim,Sim,,Sim,Sim,,Sim,,Sim,Sim,Sim,,Sim,Sim,,,,1.8,139 (E) / 135 (G),19.3 (E) / 18.8 (G),175 (E) / 172 (G),13 (E),6.9 (E) / 7.6 (G),9.9 (E) / 10.9 (G),Dianteira,Elétrica,"Suspensão tipo McPherson e dianteira com barra estabilizadora, roda tipo independente e molas helicoidal.","Suspensão tipo multibraço e traseira com barra estabilizadora, roda tipo independente e molas helicoidal.",Dois freios à disco,Dois freios à disco ,1735,1844,4915,1619,60,2990,,5,,,,,Sim,,,,,,Sim,,,,,,Sim,,Sim,,Sim,,,,,,,,,,,,,,,,,,,,,,,,,,,Sim,,,Sim,,,Sim,,,Sim,Sim,Sim,,,,,,,,,,,,Sim,Sim,,,,,,,,,,,,,,,,,,
51,https://www.mobiauto.com.br/comprar/carros/ba-salvador/ford/focus-sedan/2016/se-plus-2-0-powershift/detalhes/8796091?page=detail&undefined,Ford,Focus Sedan,SE Plus 2.0 PowerShift,R$ 53.900,Salvador - BA,2015/2016,Flex,5,108.000,Automática,Branco,Sedan,Sim,Sim,Sim,Sim,Sim,Sim,Sim,,,Sim,Sim,Sim,Sim,Sim,,,Sim,,,2.0,178 (E) / 175 (G),22.5 (E) / 21.5 (G),208 (E) / 204 (G),9.7 (E),6.7 (E) / 9.9 (G),12.4 (E),dianteira,,"Suspensão tipo McPherson e dianteira com barra estabilizadora, roda tipo independente e molas helicoidal.","Suspensão tipo multibraço e traseira com barra estabilizadora, roda tipo independente e molas helicoidal.",Quatro freios à disco com dois discos ventilados.,,1484,1823,4534,1396,55,2648,421,5,Sim,Sim,,Sim,Sim,,,,,,Sim,,,Sim,Sim,,Sim,,Sim,,Sim,,Sim,,,,,,,,,,,,,,,,,,,,,,,,,Sim,Sim,,Sim,,,Sim,,,Sim,Sim,Sim,,,,,,Sim,Sim,,,,,,,,,,,,,,,,,,,,,,,,
52,https://www.mobiauto.com.br/comprar/carros/ba-salvador/volkswagen/fox/2018/1-0-mpi-trendline-flex/detalhes/7641545?page=detail&undefined,Volkswagen,Fox,1.0 MPI Trendline (Flex),R$ 54.900,Salvador - BA,2018/2018,Flex,1,37.000,Manual,Vermelho,Hatch,Sim,Sim,Sim,Sim,Sim,Sim,Sim,Sim,,,Sim,Sim,Sim,,,Sim,Sim,,,1.0,82 (E) / 75 (G),10.401105 (E) / 9.6873045 (G),159 (E) / 158 (G),14.4 (E),8.6 (E) / 12 (G),14 (E),dianteira,,"Suspensão tipo McPherson e dianteira com barra estabilizadora, roda tipo independente e molas helicoidal.","Suspensão tipo eixo de torção, roda tipo semi-independente e molas helicoidal.",Dois freios à disco com dois discos ventilados.,,1552,1660,3868,1052,50,2467,270,5,,,,,Sim,,,,,,Sim,,,,Sim,,,,,,Sim,,,,,,,,,,,,,,,,,,,,,,,,,,,Sim,Sim,,,,,,,,,,,,,,,,Sim,,,,,,,,,,,,,,,,,,,,,,,,,
53,https://www.mobiauto.com.br/comprar/carros/ba-salvador/hyundai/hb20/2015/1-6-comfort-plus-aut-flex/detalhes/9527413?page=detail&undefined,Hyundai,HB20,1.6 Comfort Plus (Aut) (Flex),R$ 48.900,Salvador - BA,2015/2015,Flex,6,75.000,Automática,Branco,Hatch,Sim,Sim,Sim,Sim,,Sim,Sim,Sim,Sim,,Sim,Sim,Sim,,,,,Sim,,1.6,128 (E) / 122 (G),16.5 (E) / 16 (G),176 (E),11 (E),7 (E) / 10.1 (G),8.3 (E) / 11.8 (G),Dianteira,Hidráulica,"Suspensão tipo McPherson e dianteira com barra estabilizadora, roda tipo independente e molas helicoidal.","Suspensão tipo eixo de torção, roda tipo semi-independente e molas helicoidal.",Dois freios à disco ventilados,Tambor ,1470,1680,3900,1027,50,2500,300,5,,Sim,,,Sim,,,,,,,,,,Sim,,Sim,,,,,,Sim,,,,,,,,,,,,,,,,,,,,,,,,,Sim,,,Sim,,,Sim,,,Sim,Sim,Sim,,,,,,,,,,Sim,,,,,,,,,,,,,,,,,,,,,
54,https://www.mobiauto.com.br/comprar/carros/ba-salvador/toyota/etios/2018/x-1-3-flex/detalhes/9522624?page=detail&undefined,Toyota,Etios,X 1.3 (Flex),R$ 46.900,Salvador - BA,2017/2018,Flex,1,99,Manual,Prata,Hatch,Sim,Sim,Sim,Sim,Sim,Sim,Sim,Sim,,,Sim,,,,,Sim,,,Sim,1.3,98 (E) / 88 (G),13.1 (E) / 12.5 (G),170 (E),11.8 (E),8.6 (E) / 12.6 (G),14.2 (E),dianteira,,"Suspensão tipo McPherson e dianteira com barra estabilizadora, roda tipo independente e molas helicoidal.","Suspensão tipo eixo de torção e traseira com barra estabilizadora, roda tipo semi-independente e molas helicoidal.",Dois freios à disco com dois discos ventilados.,,1510,1695,3884,988,45,2460,270,5,,,,,Sim,,,,,Sim,Sim,,,,Sim,,Sim,,,,,,,,,,,,,,,,,,,,,,,,,,,,,,,,,,Sim,,Sim,,Sim,Sim,,Sim,Sim,,,,,,,Sim,,,Sim,,,,,,,,,,,,,,,,,,,,,
55,https://www.mobiauto.com.br/comprar/carros/ba-salvador/mitsubishi/asx/2015/2-0-aut-4x4/detalhes/9520432?page=detail&undefined,Mitsubishi,ASX, 2.0 (Aut) 4x4,R$ 71.900,Salvador - BA,2015/2015,Gasolina,0,100.000,CVT,Branco,SUV,Sim,Sim,Sim,Sim,Sim,Sim,Sim,Sim,Sim,Sim,Sim,Sim,Sim,Sim,,,,,,2.0,160 (G),20.08841 (G),190 (G),11.5 (G),8.7 (G),9.8 (G),dianteira,,"Suspensão tipo McPherson e dianteira com barra estabilizadora, roda tipo independente e molas helicoidal.","Suspensão tipo multibraço e traseira com barra estabilizadora, roda tipo independente e molas helicoidal.",Quatro freios à disco com dois discos ventilados.,,1625,1770,4295,1385,63,2670,409,5,,Sim,,Sim,Sim,,,,,,Sim,,,,Sim,,Sim,,Sim,,,,Sim,,,,,,,,,,,,,,,,,,,,,,,,,Sim,Sim,,Sim,,,Sim,,,Sim,Sim,Sim,,,,,,Sim,,,,Sim,,,,,,,,,,,,,,,,,,,,,
56,https://www.mobiauto.com.br/comprar/carros/ba-salvador/toyota/hilux-cabine-dupla/2018/hilux-2-7-srv-cd-4x4-flex-aut/detalhes/9406012?page=detail&undefined,Toyota,Hilux Cabine Dupla,Hilux 2.7 SRV CD 4x4 (Flex) (Aut),R$ 176.000,Salvador - BA,2017/2018,Diesel,8,110,Automática,Branco,Picapes,Sim,Sim,Sim,Sim,Sim,Sim,Sim,,Sim,Sim,Sim,Sim,Sim,Sim,Sim,,,Sim,,2.7,163 (E) / 159 (G),25.0 (E) / 25 (G),165 (E),14.5 (E),4.8 (E) / 6.9 (G),8.1 (E),4x4,,"Suspensão tipo braços triangulares e dianteira com barra estabilizadora, roda tipo independente e molas helicoidal.","Suspensão tipo eixo transversal (beam), roda tipo rígida e molas feixe de lâminas.",Dois freios à disco com dois discos ventilados.,,1815,1855,5330,1970,80,3085,,5,,Sim,,,Sim,Sim,,,Sim,,Sim,Sim,,Sim,Sim,Sim,Sim,Sim,Sim,,Sim,,Sim,,,,,,,,Sim,,,,,,,,,,,,Sim,,,Sim,,Sim,Sim,,Sim,Sim,Sim,Sim,Sim,,Sim,Sim,Sim,,,,,,Sim,,,Sim,,,Sim,,Sim,Sim,Sim,Sim,,,,,,,,,,,,,,
57,https://www.mobiauto.com.br/comprar/carros/ba-salvador/caoa-chery/tiggo-8/2022/txs-1-6-turbo-gdi/detalhes/9160174?page=detail&undefined,CAOA Chery,Tiggo 8,TXS 1.6 Turbo GDI ,R$ 149.990,Salvador - BA,2022/2022,Gasolina,9,60.000,Automática,Branco,,Sim,Sim,Sim,Sim,Sim,Sim,Sim,,Sim,Sim,Sim,Sim,Sim,Sim,Sim,Sim,,,,TGDi 1.6 Turbo,187 (G),28.0 (G),180 (G),9 (G),10.1 (G),12 (G),Dianteira,Elétrica,McPherson,Multilink,Disco ventilado,Disco sólido,1705,1860,4700,,51,2710,889,7,Sim,Sim,,Sim,Sim,Sim,Sim,Sim,Sim,Sim,Sim,Sim,,Sim,Sim,Sim,Sim,,Sim,Sim,Sim,Sim,,,,,,,,,,Sim,,,,,,,,,,,Sim,,,,,Sim,,,Sim,,,Sim,,,Sim,Sim,Sim,,,,,Sim,,,,,,,,,,,,,Sim,Sim,,,,,,,,,,,,
58,https://www.mobiauto.com.br/comprar/carros/ba-salvador/hyundai/ix35/2018/2-0-gl-2wd-aut-flex/detalhes/9505712?page=detail&undefined,Hyundai,ix35,2.0 GL 2WD (Aut) (Flex),R$ 83.900,Salvador - BA,2017/2018,Flex,1,58.000,Automática,Preto,SUV,Sim,Sim,Sim,Sim,Sim,Sim,,,,Sim,,,,,Sim,,,Sim,,2.0,167 (E) / 157 (G),20.6 (E) / 19.2 (G),181 (E),10.8 (E),6.1 (E) / 8.8 (G),10.5 (E),dianteira,,"Suspensão tipo McPherson e dianteira com barra estabilizadora, roda tipo independente e molas helicoidal.","Suspensão tipo multibraço e traseira com barra estabilizadora, roda tipo independente e molas helicoidal.",Quatro freios à disco com dois discos ventilados.,,1655,1820,4410,1492,58,2640,728,5,,Sim,,Sim,,,,,,,,,Sim,Sim,,,,,,Sim,Sim,,Sim,,,,,,,,,,,,,,,,,,,,,,,,,,,,,,,,,,,,,,,,,,,,,,,,,Sim,,,,,,,,,,,,,,,,,,
59,https://www.mobiauto.com.br/comprar/carros/ba-salvador/fiat/uno/2012/vivace-1-0-8v-flex-4p/detalhes/9320076?page=detail&undefined,Fiat,Uno,Vivace 1.0 8V (Flex) 4p,R$ 31.900,Salvador - BA,2011/2012,Flex,4,90.000,Manual,Vermelho,Hatch,,,,,,,,,,,,,,,,,,,,1.0,75 (E) / 73 (G),9.9 (E) / 9.5 (G),153 (E) / 151 (G),13.8 (E),10.5 (E),12.9 (E),dianteira,,"Suspensão tipo McPherson, roda tipo independente e molas helicoidal.","Suspensão tipo eixo de torção, roda tipo semi-independente e molas helicoidal.",Dois freios à disco com dois discos ventilados.,,1480,1636,3770,895,48,2376,,5,,,,,,,,,,,,,,,,,,,,,,,,,,,,,,,,,,,,,,,,,,,,,,,,Sim,,,,,,,,,,,,,,,,,,,,,,,,,,,,,,,,,,,,,,,,,,
60,https://www.mobiauto.com.br/comprar/carros/ba-salvador/renault/kwid/2021/zen-1-0-12v-sce-flex/detalhes/9489558?page=detail&undefined,Renault,Kwid,Zen 1.0 12v SCe (Flex),R$ 48.900,Salvador - BA,2021/2021,Flex,8,11.000,Manual,Branco,Hatch,Sim,Sim,Sim,,,Sim,,,,,,,Sim,,,Sim,Sim,Sim,Sim,1.0,70 (E) / 66 (G),10.0 (E) / 9.6 (G),156 (E) / 152 (G),14.7 (E),10.3 (E) / 10.8 (G),14.9 (E),dianteira,Elétrica,"Suspensão tipo McPherson, roda tipo independente e molas helicoidal.","Suspensão tipo eixo de torção, roda tipo semi-independente e molas helicoidal.",Dois freios à disco.,Tambor ,1474,1579,3680,779,38,2423,290,5,Sim,,,,,,,,Sim,,,,,,,,,,,,,,,,,,,,,,,,,,,,,,,,,,,,,,,Sim,,,Sim,,,Sim,,,Sim,Sim,Sim,,,,,,,,,,,,,,,,,,,,Sim,,,,,,,,,,,
61,https://www.mobiauto.com.br/comprar/carros/ba-salvador/jeep/grand-cherokee/2014/3-6-v6-limited-4wd/detalhes/9476273?page=detail&undefined,Jeep,Grand Cherokee,3.6 V6 Limited 4WD,R$ 88.900,Salvador - BA,2014/2014,Gasolina,2,85.000,Automática,Branco,SUV,Sim,Sim,Sim,,Sim,Sim,Sim,Sim,Sim,Sim,Sim,Sim,Sim,Sim,,,,,Sim,3.6,286 (G),35.38415 (G),206 (G),8.3 (G),7 (G),12.2 (G),4x4,,"Suspensão tipo braços triangulares e dianteira com barra estabilizadora, roda tipo independente e molas helicoidal.","Suspensão tipo multibraço e traseira com barra estabilizadora, roda tipo independente e molas helicoidal.",Quatro freios à disco com quatro discos ventilados.,,1760,1943,4828,2211,93,2915,457,5,Sim,Sim,,Sim,Sim,,,,,Sim,Sim,Sim,,Sim,Sim,Sim,Sim,,Sim,Sim,Sim,Sim,Sim,,,,,,,,Sim,,,,,,,,,,,,,,,Sim,,,,,Sim,,Sim,Sim,Sim,Sim,,Sim,Sim,,,,,,,,,,Sim,,,,,,,,,,,,,,,,,,,,,
62,https://www.mobiauto.com.br/comprar/carros/ba-salvador/honda/hr-v/2018/lx-cvt-1-8-i-vtec-flexone/detalhes/9454273?page=detail&undefined,Honda,HR-V,LX CVT 1.8 I-VTEC FlexOne,R$ 89.900,Salvador - BA,2017/2018,Flex,7,70.000,CVT,Branco,SUV,Sim,Sim,Sim,Sim,Sim,Sim,Sim,Sim,Sim,Sim,Sim,Sim,Sim,Sim,Sim,Sim,Sim,Sim,Sim,1.8,140 (E) / 139 (G),17.7 (E) / 17.5 (G),N/C,- (E),7.1 (E) / 10.5 (G),12.1 (E),dianteira,,"Suspensão tipo McPherson, roda tipo independente e molas helicoidal.","Suspensão tipo eixo de torção, roda tipo semi-independente e molas helicoidal.",Quatro freios à disco com dois discos ventilados.,,1586,1772,4294,1271,51,2610,437,5,,Sim,,,Sim,,,,Sim,,Sim,Sim,Sim,Sim,Sim,Sim,Sim,,Sim,,Sim,,,,,,,,,,Sim,Sim,,,,,,,,,,,Sim,,,,,Sim,Sim,,Sim,Sim,Sim,Sim,Sim,Sim,Sim,Sim,Sim,,Sim,,,,Sim,Sim,,Sim,Sim,,,,,Sim,Sim,,,,,Sim,Sim,Sim,Sim,Sim,Sim,Sim,Sim,Sim,Sim,Sim
63,https://www.mobiauto.com.br/comprar/carros/ba-salvador/honda/hr-v/2016/exl-cvt-1-8-i-vtec-flexone/detalhes/9454502?page=detail&undefined,Honda,HR-V,EXL CVT 1.8 I-VTEC FlexOne,R$ 79.900,Salvador - BA,2016/2016,Flex,1,120.000,CVT,Prata,SUV,Sim,Sim,Sim,Sim,Sim,Sim,Sim,Sim,Sim,Sim,Sim,Sim,Sim,Sim,Sim,Sim,Sim,,Sim,1.8,140 (E) / 139 (G),17.7 (E) / 17.5 (G),N/C,- (E),7.1 (E) / 10.5 (G),12.1 (E),dianteira,,"Suspensão tipo McPherson, roda tipo independente e molas helicoidal.","Suspensão tipo eixo transversal (beam), roda tipo semi-independente e molas helicoidal.",Quatro freios à disco com dois discos ventilados.,,1586,1772,4294,1276,51,2610,437,5,,Sim,,,Sim,,Sim,,Sim,,Sim,Sim,,Sim,Sim,Sim,Sim,,Sim,,Sim,,,,,,,Sim,,,Sim,Sim,,,,,,,,,,,Sim,,Sim,,,Sim,Sim,,Sim,Sim,Sim,Sim,Sim,Sim,Sim,Sim,Sim,,Sim,,,,Sim,Sim,,Sim,,,,,,Sim,Sim,,,,,Sim,Sim,Sim,Sim,Sim,Sim,Sim,Sim,Sim,Sim,Sim
64,https://www.mobiauto.com.br/comprar/carros/ba-salvador/chevrolet/onix/2019/1-4-lt-spe-4/detalhes/9452542?page=detail&undefined,Chevrolet,Onix,1.4 LT SPE/4,R$ 61.900,Salvador - BA,2019/2019,Flex,,0,Manual,Branco,Hatch,Sim,Sim,,Sim,Sim,Sim,Sim,Sim,,Sim,,,,,Sim,Sim,Sim,Sim,Sim,1.4,106 (E) / 98 (G),13.9 (E) / 13 (G),N/C,- (E),8.6 (E) / 12.5 (G),14.9 (E),dianteira,,"Suspensão tipo McPherson e dianteira com barra estabilizadora, roda tipo independente e molas helicoidal.","Suspensão tipo eixo de torção, roda tipo semi-independente e molas helicoidal.",Dois freios à disco com dois discos ventilados.,,1476,1705,3933,1034,54,2528,280,5,,Sim,,,,,Sim,,Sim,,Sim,Sim,Sim,,Sim,,,,,,,,,,,,,,,,,,,,,,,,,,,,,,,,,Sim,,,Sim,Sim,Sim,Sim,Sim,,Sim,Sim,Sim,,,,,,,,,,,,,,,,,,,,,,,,,,,,,,,
65,https://www.mobiauto.com.br/comprar/carros/ba-salvador/ford/ka/2021/1-5-se-plus-flex/detalhes/9451746?page=detail&undefined,Ford,Ka,1.5 SE Plus (Flex),R$ 57.900,Salvador - BA,2020/2021,Flex,1,57.000,Manual,Prata,Hatch,Sim,Sim,Sim,Sim,Sim,Sim,Sim,Sim,,,Sim,Sim,Sim,Sim,Sim,Sim,,Sim,,1.5,136 (E) / 128 (G),10.7 (E) / 10.2 (G),181 (E),9.9 (E),8.8 (E) / 10.5 (G),12.4 (E) / 14.8 (G),Dianteira,Elétrica,"Suspensão tipo McPherson, roda tipo independente e molas helicoidal.","Suspensão tipo eixo de torção, roda tipo semi-independente e molas helicoidal.",Dois freios à disco,Tambor ,1525,1695,3941,1076,51,2490,257,5,,Sim,,,Sim,,,,,,Sim,,,,Sim,,Sim,,,,Sim,,Sim,,,,,,,,,,,,,,,,,,,,,,,,,,,,,,,,,,,,,,,,,,Sim,,,,,,,,,,,,,,,,,,,,,,,,,
66,https://www.mobiauto.com.br/comprar/carros/ba-salvador/ford/new-fiesta-hatch/2014/new-fiesta-se-1-6-16v/detalhes/9451678?page=detail&undefined,Ford,New Fiesta Hatch,New Fiesta SE 1.6 16V,R$ 33.900,Salvador - BA,2014/2014,Flex,7,98.000,Manual,Branco,Hatch,,,,,,,,,,,,,,,,,Sim,Sim,Sim,1.6,130 (E) / 125 (G),16.009544 (E) / 15.397715 (G),190 (E) / 190 (G),12.1 (E),8 (E) / 12 (G),14.3 (E),dianteira,,"Suspensão tipo McPherson e dianteira com barra estabilizadora, roda tipo independente e molas helicoidal.","Suspensão tipo eixo de torção, roda tipo semi-independente e molas helicoidal.",Dois freios à disco com dois discos ventilados.,,1464,1722,3969,1126,51,2489,281,5,,,,,,,,,,,,,,,,,,,,,,,,,,,,,,,,,,,,,,,,,,,,,,,,Sim,,,Sim,Sim,Sim,,Sim,Sim,Sim,Sim,Sim,,,,,,,,,,,,,,,,,,,,,,,,,,,,,,,Sim
67,https://www.mobiauto.com.br/comprar/carros/ba-salvador/volkswagen/gol/2018/1-0-mpi-trendline-12v-5p-flex/detalhes/9450203?page=detail&undefined,Volkswagen,Gol,1.0 MPI Trendline 12V 5p (Flex),R$ 43.900,Salvador - BA,2017/2018,Flex,5,64.000,Manual,Branco,Hatch,Sim,Sim,Sim,Sim,,Sim,Sim,Sim,,Sim,,,Sim,,Sim,,,Sim,,1.0,82 (E) / 75 (G),10.4 (E) / 9.7 (G),170 (E) / 168 (G),12.3 (E),8.8 (E) / 12.9 (G),14.5 (E),dianteira,,"Suspensão tipo McPherson e dianteira com barra estabilizadora, roda tipo independente e molas helicoidal.","Suspensão tipo eixo de torção, roda tipo semi-independente e molas helicoidal.",Dois freios à disco com dois discos ventilados.,,1467,1893,3897,901,55,2466,285,5,,Sim,,,Sim,,,,,,,,,,Sim,,,,,,,,Sim,,,,,,,,,,,,,,,,,,,,,,,,,,,,,,,,,,,,,,,,,,,,,,,,,,,,,,,,,,,,,,,,,,,
68,https://www.mobiauto.com.br/comprar/carros/ba-salvador/renault/sandero/2016/authentique-hi-power-1-0-16v-flex/detalhes/9436810?page=detail&undefined,Renault,Sandero,Authentique Hi-Power 1.0 16V (Flex),R$ 38.900,Salvador - BA,2016/2016,Flex,5,70.000,Manual,Prata,Hatch,Sim,Sim,Sim,Sim,,Sim,Sim,Sim,,,,,,,,,,Sim,Sim,1.0,80 (E) / 77 (G),10.5 (E) / 10.2 (G),161 (E) / 160 (G),14 (E),8.1 (E) / 11.9 (G),13.4 (E),dianteira,,"Suspensão tipo McPherson, roda tipo independente e molas helicoidal.","Suspensão tipo eixo de torção, roda tipo semi-independente e molas helicoidal.",Dois freios à disco.,,1536,1733,4060,1013,50,2590,320,5,,,,,Sim,,,,,,,,,,Sim,,,,,,,,Sim,,,,,,,,,,,,,,,,,,,,,,,,,,,,Sim,Sim,Sim,Sim,Sim,Sim,,Sim,Sim,,,,,,,,,,,,,,,,,,,,,,,,,,,,,,,
69,https://www.mobiauto.com.br/comprar/carros/ba-salvador/fiat/doblo/2020/essence-1-8-16v-flex/detalhes/9432731?page=detail&undefined,Fiat,Doblò,Essence 1.8 16V (Flex),R$ 62.900,Salvador - BA,2020/2020,Flex,1,114.256,Manual,Prata,Monovolume,Sim,Sim,Sim,Sim,,Sim,,,,,,,,,,,,Sim,Sim,1.7,132 (E) / 130 (G),18.86475 (E) / 18.354893 (G),167 (E) / 165 (G),12.7 (E),6.4 (E) / 9.3 (G),7 (E) / 10.2 (G),dianteira,,,,Dois freios à disco com dois discos ventilados,,1834,1722,4252,1463,60,2566,,7,,,,,,,,,Sim,,Sim,,,,Sim,,Sim,,,,,,Sim,,,,,,,,,,,,,,,,,,,,,,,,,Sim,,,,,,,,,,Sim,,,,,,,,,,,,,,,,,,,,Sim,,,,,,,,,,,,
70,https://www.mobiauto.com.br/comprar/carros/ba-salvador/fiat/argo/2021/1-0-flex/detalhes/9427889?page=detail&undefined,Fiat,Argo,1.0 (Flex),R$ 57.900,Salvador - BA,2021/2021,Flex,5,29.000,Manual,Branco,Hatch,,Sim,Sim,Sim,,Sim,Sim,,,,,,,,,Sim,,Sim,Sim,1.0,77 (E) / 72 (G),10.9 (E) / 10.4 (G),162 (E) / 157 (G),13.4 (E),9.6 (E) / 13.6 (G),10.6 (E) / 15.1 (G),dianteira,Elétrica,"Suspensão tipo McPherson e dianteira com barra estabilizadora, roda tipo independente e molas helicoidal.","Suspensão tipo eixo de torção, roda tipo semi-independente e molas helicoidal.",Dois freios à disco ventilados,Tambor ,1503,1724,3998,1105,48,2521,300,5,,Sim,,,,,,,Sim,,Sim,,,,,,Sim,,,,,,,Sim,,,Sim,Sim,,,,Sim,,,Sim,,,,,Sim,,,,,,,,,,,Sim,Sim,Sim,Sim,Sim,Sim,,Sim,Sim,,,,,,,,,,,,,,,,,,,,,,,,,,,,,,,
71,https://www.mobiauto.com.br/comprar/carros/ba-salvador/fiat/argo/2018/drive-1-0-firefly-flex/detalhes/9425911?page=detail&undefined,Fiat,Argo,Drive 1.0 Firefly (Flex),R$ 56.900,Salvador - BA,2018/2018,Flex,6,58.000,Manual,Branco,Hatch,Sim,Sim,Sim,Sim,,Sim,Sim,,,,,,,,,Sim,Sim,Sim,Sim, 1.0,77 (E),10.9 (E),162 (E),13.4 (E),9.9 (E) / 14.2 (G),10.7 (E) / 15.1 (G),Dianteira,Elétrica,"Suspensão tipo McPherson, roda tipo independente e molas helicoidal",Suspensão tipo eixo de torção e molas helicoidal,Dois freios à disco ventilados,Tambor ,1501,1724,3998,1140,48,2521,300,5,,,,,Sim,,,,Sim,,Sim,,Sim,,,Sim,,,,,,,,,,,,,,,,,,,,,,,,,,,,,,,,Sim,,,Sim,,,Sim,,,Sim,Sim,Sim,,,,,,,Sim,,,,,,,,,,,,,Sim,,,,,,,,,,,
